mass.number,atomic.number,element,half.time,decay.constant
131,53,I,8.02,0.086427329246876
134,55,Cs,754.1682,0.000919088315524236
137,55,Cs,10983.0675,6.31105272329379e-05

